Pic,Energie (keV),Sigma (keV),FWHM (keV),Amplitude,Intensite Relative
1,3.0761829702313412,0.0673144992890768,0.15851353224713965,624.6100502367376,0.08026343488007423
2,7.596926681663427,0.09591757456591632,0.22586862725857051,379.41961049970735,0.04875605377791151
3,8.163873700921357,0.08105159748531819,0.19086192644020736,7822.917611508933,1.0052579814326565
4,9.021065231699938,0.09181483952780663,0.21620742455137898,1306.9219003101264,0.16794164743126785
