Pic,Energie (keV),Sigma (keV),FWHM (keV),Amplitude,Intensite Relative
1,6.132761696977441,0.8077243760342048,1.9020455515454615,6904.0494301675735,0.9854481059331393
