Pic,Energie (keV),Sigma (keV),FWHM (keV),Amplitude,Intensite Relative
1,6.165903803603554,0.49242835256751405,1.1595801553675495,8994.240588616307,0.9904460509433219
