Pic,Energie (keV),Sigma (keV),FWHM (keV),Amplitude,Intensite Relative
1,3.3371352308195816,0.42291598248710105,0.9958910329245835,3343.057921219143,0.9670401854842762
